<?xml version="1.0" encoding="UTF-8"?>
<project-private xmlns="http://www.netbeans.org/ns/project-private/1">
    <editor-bookmarks xmlns="http://www.netbeans.org/ns/editor-bookmarks/2" lastBookmarkId="0"/>
    <open-files xmlns="http://www.netbeans.org/ns/projectui-open-files/2">
        <group>
            <file>file:/C:/Users/varun/Downloads/ostrial1%20(1)/ostrial1/src/com/algo/Cal.java</file>
            <file>file:/C:/Users/varun/Downloads/ostrial1%20(1)/ostrial1/src/com/algo/App.java</file>
            <file>file:/C:/Users/varun/Downloads/ostrial1%20(1)/ostrial1/src/com/algo/Result.java</file>
            <file>file:/C:/Users/varun/Downloads/ostrial1%20(1)/ostrial1/src/com/algo/Main.java</file>
        </group>
    </open-files>
</project-private>
